{
  "version": "0.0.1",
  "main": "0",
  "levels": {
    "0": {
      "board": [
        [
          {
            "type": "floor",
            "texture": "floor",
            "collide": false
          },
          {
            "type": "wall",
            "texture": "wall",
            "collide": true
          },
          {
            "type": "floor",
            "texture": "win",
            "collide": false
          }
        ],
        [
          {
            "render": {
              "board": "0",
              "x": 1,
              "y": 2
            },
            "type": "render",
            "texture": "floor",
            "collide": false
          },
          {
            "type": "wall",
            "texture": "wall",
            "collide": true
          },
          {
            "type": "floor",
            "texture": "floor",
            "collide": false
          }
        ],
        [
          {
            "type": "floor",
            "texture": "floor",
            "collide": false
          },
          {
            "type": "wall",
            "texture": "wall",
            "collide": true
          },
          {
            "type": "floor",
            "texture": "floor",
            "collide": false
          }
        ]
      ],
      "size_x": 3,
      "size_y": 3
    }
  }
}