{
  "version": "0.0.1",
  "main": "0",
  "levels": {
    "0": {
      "board": [
        [
          {
            "type": "floor",
            "texture": "floor",
            "collide": false
          },
          {
            "type": "floor",
            "texture": "floor",
            "collide": false
          }
        ],
        [
          {
            "type": "floor",
            "texture": "floor",
            "collide": false
          },
          {
            "type": "floor",
            "texture": "win",
            "collide": false
          }
        ]
      ],
      "size_x": 2,
      "size_y": 2
    }
  }
}